passenger_id,age_updated,embarked_updated,fare_updated,deck,pclass_updated
1,29.0,Southampton (UK),211.3375,B,First class
2,0.9167,Southampton (UK),151.55,C,First class
3,2.0,Southampton (UK),151.55,C,First class
4,30.0,Southampton (UK),151.55,C,First class
5,25.0,Southampton (UK),151.55,C,First class
6,48.0,Southampton (UK),26.55,E,First class
7,63.0,Southampton (UK),77.9583,D,First class
8,39.0,Southampton (UK),0.0,A,First class
9,53.0,Southampton (UK),51.4792,C,First class
10,71.0,Cherbourg (FR),49.5042,Unknown,First class
11,47.0,Cherbourg (FR),227.525,C,First class
12,18.0,Cherbourg (FR),227.525,C,First class
13,24.0,Cherbourg (FR),69.3,B,First class
14,26.0,Southampton (UK),78.85,Unknown,First class
15,80.0,Southampton (UK),30.0,A,First class
16,41.0,Southampton (UK),25.925,Unknown,First class
17,24.0,Cherbourg (FR),247.5208,B,First class
18,50.0,Cherbourg (FR),247.5208,B,First class
19,32.0,Cherbourg (FR),76.2917,D,First class
20,36.0,Cherbourg (FR),75.2417,C,First class
21,37.0,Southampton (UK),52.5542,D,First class
22,47.0,Southampton (UK),52.5542,D,First class
23,26.0,Cherbourg (FR),30.0,C,First class
24,42.0,Cherbourg (FR),227.525,Unknown,First class
25,29.0,Southampton (UK),221.7792,C,First class
26,25.0,Cherbourg (FR),26.0,Unknown,First class
27,25.0,Cherbourg (FR),91.0792,B,First class
28,19.0,Cherbourg (FR),91.0792,B,First class
29,35.0,Southampton (UK),135.6333,C,First class
30,28.0,Southampton (UK),26.55,C,First class
31,45.0,Southampton (UK),35.5,T,First class
32,40.0,Cherbourg (FR),31.0,A,First class
33,30.0,Southampton (UK),164.8667,C,First class
34,58.0,Southampton (UK),26.55,C,First class
35,42.0,Southampton (UK),26.55,D,First class
36,45.0,Cherbourg (FR),262.375,Unknown,First class
37,22.0,Southampton (UK),55.0,E,First class
38,41.0,Southampton (UK),26.55,Unknown,First class
39,41.0,Southampton (UK),30.5,A,First class
40,48.0,Cherbourg (FR),50.4958,B,First class
41,41.0,Cherbourg (FR),39.6,Unknown,First class
42,44.0,Cherbourg (FR),27.7208,B,First class
43,59.0,Southampton (UK),51.4792,C,First class
44,60.0,Cherbourg (FR),76.2917,D,First class
45,41.0,Cherbourg (FR),134.5,E,First class
46,45.0,Southampton (UK),26.55,B,First class
47,41.0,Southampton (UK),31.0,Unknown,First class
48,42.0,Southampton (UK),26.2875,E,First class
49,53.0,Cherbourg (FR),27.4458,Unknown,First class
50,36.0,Cherbourg (FR),512.3292,B,First class
51,58.0,Cherbourg (FR),512.3292,B,First class
52,33.0,Southampton (UK),5.0,B,First class
53,28.0,Southampton (UK),47.1,Unknown,First class
54,17.0,Southampton (UK),47.1,Unknown,First class
55,11.0,Southampton (UK),120.0,B,First class
56,14.0,Southampton (UK),120.0,B,First class
57,36.0,Southampton (UK),120.0,B,First class
58,36.0,Southampton (UK),120.0,B,First class
59,49.0,Southampton (UK),26.0,Unknown,First class
60,37.0,Cherbourg (FR),27.7208,Unknown,First class
61,36.0,Southampton (UK),78.85,C,First class
62,76.0,Southampton (UK),78.85,C,First class
63,46.0,Southampton (UK),61.175,E,First class
64,47.0,Southampton (UK),61.175,E,First class
65,27.0,Southampton (UK),53.1,E,First class
66,33.0,Southampton (UK),53.1,E,First class
67,36.0,Cherbourg (FR),262.375,B,First class
68,30.0,Southampton (UK),86.5,B,First class
69,45.0,Cherbourg (FR),29.7,A,First class
70,37.0,Southampton (UK),55.0,E,First class
71,41.0,Southampton (UK),0.0,Unknown,First class
72,27.0,Cherbourg (FR),136.7792,C,First class
73,26.0,Cherbourg (FR),136.7792,C,First class
74,22.0,Southampton (UK),151.55,Unknown,First class
75,41.0,Southampton (UK),52.0,A,First class
76,47.0,Southampton (UK),25.5875,E,First class
77,39.0,Cherbourg (FR),83.1583,E,First class
78,37.0,Cherbourg (FR),83.1583,E,First class
79,64.0,Cherbourg (FR),83.1583,E,First class
80,55.0,Southampton (UK),25.7,C,First class
81,41.0,Southampton (UK),26.55,Unknown,First class
82,70.0,Southampton (UK),71.0,B,First class
83,36.0,Southampton (UK),71.0,B,First class
84,64.0,Southampton (UK),26.55,B,First class
85,39.0,Cherbourg (FR),71.2833,C,First class
86,38.0,Cherbourg (FR),71.2833,C,First class
87,51.0,Southampton (UK),26.55,E,First class
88,27.0,Southampton (UK),30.5,Unknown,First class
89,33.0,Southampton (UK),151.55,Unknown,First class
90,31.0,Southampton (UK),52.0,B,First class
91,27.0,Southampton (UK),52.0,B,First class
92,31.0,Southampton (UK),57.0,B,First class
93,17.0,Southampton (UK),57.0,B,First class
94,53.0,Southampton (UK),81.8583,A,First class
95,4.0,Southampton (UK),81.8583,A,First class
96,54.0,Southampton (UK),81.8583,A,First class
97,50.0,Cherbourg (FR),106.425,C,First class
98,27.0,Cherbourg (FR),247.5208,B,First class
99,48.0,Cherbourg (FR),106.425,C,First class
100,48.0,Cherbourg (FR),39.6,A,First class
101,49.0,Cherbourg (FR),56.9292,A,First class
102,39.0,Cherbourg (FR),29.7,A,First class
103,23.0,Cherbourg (FR),83.1583,C,First class
104,38.0,Cherbourg (FR),227.525,C,First class
105,54.0,Cherbourg (FR),78.2667,D,First class
106,36.0,Cherbourg (FR),31.6792,A,First class
107,41.0,Southampton (UK),221.7792,C,First class
108,37.0,Southampton (UK),31.6833,Unknown,First class
109,37.0,Cherbourg (FR),110.8833,Unknown,First class
110,36.0,Southampton (UK),26.3875,E,First class
111,30.0,Cherbourg (FR),27.75,C,First class
112,24.0,Southampton (UK),263.0,C,First class
113,28.0,Southampton (UK),263.0,C,First class
114,23.0,Southampton (UK),263.0,C,First class
115,19.0,Southampton (UK),263.0,C,First class
116,64.0,Southampton (UK),263.0,C,First class
117,60.0,Southampton (UK),263.0,C,First class
118,30.0,Cherbourg (FR),56.9292,E,First class
119,41.0,Southampton (UK),26.55,D,First class
120,50.0,Southampton (UK),133.65,Unknown,First class
121,43.0,Cherbourg (FR),27.7208,D,First class
122,37.0,Southampton (UK),133.65,Unknown,First class
123,22.0,Cherbourg (FR),49.5,B,First class
124,60.0,Cherbourg (FR),79.2,B,First class
125,48.0,Cherbourg (FR),79.2,B,First class
126,41.0,Southampton (UK),0.0,B,First class
127,37.0,Southampton (UK),53.1,C,First class
128,35.0,Southampton (UK),53.1,C,First class
129,47.0,Southampton (UK),38.5,E,First class
130,35.0,Cherbourg (FR),211.5,C,First class
131,22.0,Cherbourg (FR),59.4,Unknown,First class
132,45.0,Cherbourg (FR),59.4,Unknown,First class
133,24.0,Cherbourg (FR),79.2,B,First class
134,49.0,Cherbourg (FR),89.1042,C,First class
135,37.0,Cherbourg (FR),89.1042,C,First class
136,71.0,Cherbourg (FR),34.6542,A,First class
137,53.0,Cherbourg (FR),28.5,C,First class
138,19.0,Southampton (UK),30.0,B,First class
139,38.0,Southampton (UK),153.4625,C,First class
140,58.0,Southampton (UK),153.4625,C,First class
141,23.0,Cherbourg (FR),63.3583,D,First class
142,45.0,Cherbourg (FR),63.3583,D,First class
143,46.0,Cherbourg (FR),79.2,B,First class
144,25.0,Cherbourg (FR),55.4417,E,First class
145,25.0,Cherbourg (FR),55.4417,E,First class
146,48.0,Cherbourg (FR),76.7292,D,First class
147,49.0,Cherbourg (FR),76.7292,D,First class
148,41.0,Southampton (UK),42.4,Unknown,First class
149,45.0,Southampton (UK),83.475,C,First class
150,35.0,Southampton (UK),83.475,C,First class
151,40.0,Southampton (UK),0.0,B,First class
152,27.0,Cherbourg (FR),76.7292,D,First class
153,41.0,Southampton (UK),30.0,D,First class
154,24.0,Cherbourg (FR),83.1583,C,First class
155,55.0,Southampton (UK),93.5,B,First class
156,52.0,Southampton (UK),93.5,B,First class
157,42.0,Southampton (UK),42.5,B,First class
158,41.0,Southampton (UK),51.8625,E,First class
159,55.0,Southampton (UK),50.0,C,First class
160,16.0,Cherbourg (FR),57.9792,B,First class
161,44.0,Cherbourg (FR),57.9792,B,First class
162,51.0,Southampton (UK),77.9583,D,First class
163,42.0,Southampton (UK),52.0,Unknown,First class
164,35.0,Southampton (UK),52.0,Unknown,First class
165,35.0,Cherbourg (FR),26.55,Unknown,First class
166,38.0,Southampton (UK),90.0,C,First class
167,41.0,Cherbourg (FR),30.6958,Unknown,First class
168,35.0,Southampton (UK),90.0,C,First class
169,38.0,Southampton (UK),80.0,B,First class
170,50.0,Cherbourg (FR),28.7125,C,First class
171,49.0,Southampton (UK),0.0,B,First class
172,46.0,Southampton (UK),26.0,Unknown,First class
173,50.0,Southampton (UK),26.0,E,First class
174,32.5,Cherbourg (FR),211.5,C,First class
175,58.0,Cherbourg (FR),29.7,B,First class
176,41.0,Southampton (UK),51.8625,D,First class
177,37.0,Southampton (UK),51.8625,D,First class
178,42.0,Southampton (UK),52.5542,D,First class
179,45.0,Southampton (UK),52.5542,D,First class
180,41.0,Southampton (UK),26.55,C,First class
181,39.0,Southampton (UK),211.3375,Unknown,First class
182,49.0,Southampton (UK),25.9292,D,First class
183,30.0,Cherbourg (FR),106.425,Unknown,First class
184,35.0,Cherbourg (FR),512.3292,B,First class
185,41.0,Cherbourg (FR),27.7208,Unknown,First class
186,42.0,Southampton (UK),26.55,Unknown,First class
187,55.0,Cherbourg (FR),27.7208,Unknown,First class
188,16.0,Southampton (UK),39.4,D,First class
189,51.0,Southampton (UK),39.4,D,First class
190,29.0,Southampton (UK),30.0,D,First class
191,21.0,Southampton (UK),77.9583,D,First class
192,30.0,Southampton (UK),45.5,Unknown,First class
193,58.0,Cherbourg (FR),146.5208,B,First class
194,15.0,Southampton (UK),211.3375,B,First class
195,30.0,Southampton (UK),26.0,C,First class
196,16.0,Southampton (UK),86.5,B,First class
197,41.0,Cherbourg (FR),29.7,C,First class
198,19.0,Southampton (UK),53.1,D,First class
199,18.0,Southampton (UK),53.1,D,First class
200,24.0,Cherbourg (FR),49.5042,C,First class
201,46.0,Cherbourg (FR),75.2417,C,First class
202,54.0,Southampton (UK),51.8625,E,First class
203,36.0,Southampton (UK),26.2875,E,First class
204,28.0,Cherbourg (FR),82.1708,Unknown,First class
205,37.0,Cherbourg (FR),82.1708,Unknown,First class
206,65.0,Southampton (UK),26.55,E,First class
207,44.0,Queenstown (IE),90.0,C,First class
208,33.0,Queenstown (IE),90.0,C,First class
209,37.0,Queenstown (IE),90.0,C,First class
210,30.0,Cherbourg (FR),57.75,C,First class
211,55.0,Southampton (UK),30.5,C,First class
212,47.0,Southampton (UK),42.4,Unknown,First class
213,37.0,Cherbourg (FR),29.7,C,First class
214,31.0,Cherbourg (FR),113.275,D,First class
215,23.0,Cherbourg (FR),113.275,D,First class
216,58.0,Cherbourg (FR),113.275,D,First class
217,19.0,Southampton (UK),26.2833,D,First class
218,64.0,Southampton (UK),26.0,Unknown,First class
219,39.0,Cherbourg (FR),108.9,C,First class
220,41.0,Cherbourg (FR),25.7417,Unknown,First class
221,22.0,Cherbourg (FR),61.9792,B,First class
222,65.0,Cherbourg (FR),61.9792,B,First class
223,28.5,Cherbourg (FR),27.7208,D,First class
224,41.0,Southampton (UK),0.0,Unknown,First class
225,45.5,Southampton (UK),28.5,C,First class
226,23.0,Southampton (UK),93.5,B,First class
227,29.0,Southampton (UK),66.6,C,First class
228,22.0,Southampton (UK),66.6,C,First class
229,18.0,Cherbourg (FR),108.9,C,First class
230,17.0,Cherbourg (FR),108.9,C,First class
231,30.0,Southampton (UK),93.5,B,First class
232,52.0,Southampton (UK),30.5,C,First class
233,47.0,Southampton (UK),52.0,C,First class
234,56.0,Cherbourg (FR),83.1583,C,First class
235,38.0,Southampton (UK),0.0,Unknown,First class
236,41.0,Southampton (UK),39.6,Unknown,First class
237,22.0,Cherbourg (FR),135.6333,Unknown,First class
238,41.0,Cherbourg (FR),227.525,Unknown,First class
239,43.0,Southampton (UK),211.3375,B,First class
240,31.0,Southampton (UK),50.4958,A,First class
241,45.0,Southampton (UK),26.55,Unknown,First class
242,41.0,Southampton (UK),50.0,A,First class
243,33.0,Cherbourg (FR),27.7208,A,First class
244,46.0,Cherbourg (FR),79.2,Unknown,First class
245,36.0,Cherbourg (FR),40.125,A,First class
246,33.0,Southampton (UK),86.5,B,First class
247,55.0,Cherbourg (FR),59.4,Unknown,First class
248,54.0,Cherbourg (FR),59.4,Unknown,First class
249,33.0,Southampton (UK),26.55,Unknown,First class
250,13.0,Cherbourg (FR),262.375,B,First class
251,18.0,Cherbourg (FR),262.375,B,First class
252,21.0,Cherbourg (FR),262.375,B,First class
253,61.0,Cherbourg (FR),262.375,B,First class
254,48.0,Cherbourg (FR),262.375,B,First class
255,41.0,Southampton (UK),30.5,C,First class
256,24.0,Cherbourg (FR),69.3,B,First class
257,41.0,Southampton (UK),26.0,Unknown,First class
258,35.0,Cherbourg (FR),57.75,C,First class
259,30.0,Cherbourg (FR),31.0,Unknown,First class
260,34.0,Southampton (UK),26.55,Unknown,First class
261,40.0,Southampton (UK),153.4625,C,First class
262,35.0,Southampton (UK),26.2875,E,First class
263,50.0,Southampton (UK),55.9,E,First class
264,39.0,Southampton (UK),55.9,E,First class
265,56.0,Cherbourg (FR),35.5,A,First class
266,28.0,Southampton (UK),35.5,A,First class
267,56.0,Southampton (UK),26.55,Unknown,First class
268,56.0,Cherbourg (FR),30.6958,A,First class
269,24.0,Southampton (UK),60.0,C,First class
270,41.0,Southampton (UK),26.0,A,First class
271,18.0,Southampton (UK),60.0,C,First class
272,24.0,Southampton (UK),82.2667,B,First class
273,23.0,Southampton (UK),82.2667,B,First class
274,6.0,Cherbourg (FR),134.5,E,First class
275,45.0,Cherbourg (FR),134.5,E,First class
276,40.0,Cherbourg (FR),134.5,E,First class
277,57.0,Cherbourg (FR),146.5208,B,First class
278,37.0,Cherbourg (FR),146.5208,B,First class
279,32.0,Cherbourg (FR),30.5,B,First class
280,62.0,Southampton (UK),26.55,C,First class
281,54.0,Cherbourg (FR),55.4417,C,First class
282,43.0,Cherbourg (FR),55.4417,C,First class
283,52.0,Cherbourg (FR),78.2667,D,First class
284,41.0,Cherbourg (FR),27.7208,Unknown,First class
285,62.0,Southampton (UK),80.0,B,First class
286,67.0,Southampton (UK),221.7792,C,First class
287,63.0,Southampton (UK),221.7792,C,First class
288,61.0,Southampton (UK),32.3208,D,First class
289,48.0,Southampton (UK),25.9292,D,First class
290,18.0,Southampton (UK),79.65,E,First class
291,52.0,Southampton (UK),79.65,E,First class
292,39.0,Southampton (UK),79.65,E,First class
293,48.0,Southampton (UK),52.0,C,First class
294,37.0,Southampton (UK),52.0,C,First class
295,49.0,Cherbourg (FR),110.8833,C,First class
296,17.0,Cherbourg (FR),110.8833,C,First class
297,39.0,Cherbourg (FR),110.8833,C,First class
298,37.0,Cherbourg (FR),79.2,Unknown,First class
299,31.0,Cherbourg (FR),28.5375,C,First class
300,40.0,Cherbourg (FR),27.7208,Unknown,First class
301,61.0,Southampton (UK),33.5,B,First class
302,47.0,Southampton (UK),34.0208,D,First class
303,35.0,Cherbourg (FR),512.3292,Unknown,First class
304,64.0,Cherbourg (FR),75.25,D,First class
305,60.0,Cherbourg (FR),75.25,D,First class
306,60.0,Southampton (UK),26.55,Unknown,First class
307,54.0,Southampton (UK),77.2875,D,First class
308,21.0,Southampton (UK),77.2875,D,First class
309,55.0,Cherbourg (FR),135.6333,C,First class
310,31.0,Southampton (UK),164.8667,C,First class
311,57.0,Southampton (UK),164.8667,Unknown,First class
312,45.0,Southampton (UK),164.8667,Unknown,First class
313,50.0,Cherbourg (FR),211.5,C,First class
314,27.0,Cherbourg (FR),211.5,C,First class
315,50.0,Cherbourg (FR),211.5,C,First class
316,21.0,Southampton (UK),26.55,Unknown,First class
317,51.0,Cherbourg (FR),61.3792,Unknown,First class
318,21.0,Cherbourg (FR),61.3792,Unknown,First class
319,41.0,Southampton (UK),35.0,C,First class
320,31.0,Cherbourg (FR),134.5,E,First class
321,41.0,Southampton (UK),35.5,C,First class
322,62.0,Southampton (UK),26.55,Unknown,First class
323,36.0,Cherbourg (FR),135.6333,C,First class
324,30.0,Cherbourg (FR),24.0,Unknown,Second class
325,28.0,Cherbourg (FR),24.0,Unknown,Second class
326,30.0,Southampton (UK),13.0,Unknown,Second class
327,18.0,Southampton (UK),11.5,Unknown,Second class
328,25.0,Southampton (UK),10.5,Unknown,Second class
329,34.0,Southampton (UK),26.0,Unknown,Second class
330,36.0,Southampton (UK),26.0,Unknown,Second class
331,57.0,Southampton (UK),13.0,Unknown,Second class
332,18.0,Southampton (UK),11.5,Unknown,Second class
333,23.0,Southampton (UK),10.5,Unknown,Second class
334,36.0,Southampton (UK),13.0,D,Second class
335,28.0,Southampton (UK),10.5,Unknown,Second class
336,51.0,Southampton (UK),12.525,Unknown,Second class
337,32.0,Southampton (UK),26.0,Unknown,Second class
338,19.0,Southampton (UK),26.0,Unknown,Second class
339,28.0,Southampton (UK),26.0,Unknown,Second class
340,1.0,Southampton (UK),39.0,F,Second class
341,4.0,Southampton (UK),39.0,F,Second class
342,12.0,Southampton (UK),39.0,F,Second class
343,36.0,Southampton (UK),39.0,F,Second class
344,34.0,Southampton (UK),13.0,D,Second class
345,19.0,Southampton (UK),13.0,Unknown,Second class
346,23.0,Southampton (UK),13.0,Unknown,Second class
347,26.0,Southampton (UK),13.0,Unknown,Second class
348,42.0,Southampton (UK),13.0,Unknown,Second class
349,27.0,Southampton (UK),13.0,Unknown,Second class
350,24.0,Southampton (UK),13.0,F,Second class
351,15.0,Southampton (UK),39.0,Unknown,Second class
352,60.0,Southampton (UK),39.0,Unknown,Second class
353,40.0,Southampton (UK),39.0,Unknown,Second class
354,20.0,Southampton (UK),26.0,Unknown,Second class
355,25.0,Southampton (UK),26.0,Unknown,Second class
356,36.0,Southampton (UK),13.0,Unknown,Second class
357,25.0,Southampton (UK),13.0,Unknown,Second class
358,42.0,Southampton (UK),13.0,Unknown,Second class
359,42.0,Southampton (UK),13.0,Unknown,Second class
360,0.8333,Southampton (UK),29.0,Unknown,Second class
361,26.0,Southampton (UK),29.0,Unknown,Second class
362,22.0,Southampton (UK),29.0,Unknown,Second class
363,35.0,Southampton (UK),21.0,Unknown,Second class
364,30.0,Southampton (UK),0.0,Unknown,Second class
365,19.0,Southampton (UK),13.0,Unknown,Second class
366,44.0,Southampton (UK),26.0,Unknown,Second class
367,54.0,Southampton (UK),26.0,Unknown,Second class
368,52.0,Southampton (UK),13.5,Unknown,Second class
369,37.0,Southampton (UK),26.0,Unknown,Second class
370,29.0,Southampton (UK),26.0,Unknown,Second class
371,25.0,Southampton (UK),30.0,Unknown,Second class
372,45.0,Southampton (UK),30.0,Unknown,Second class
373,29.0,Southampton (UK),26.0,Unknown,Second class
374,28.0,Southampton (UK),26.0,Unknown,Second class
375,29.0,Southampton (UK),10.5,Unknown,Second class
376,28.0,Southampton (UK),13.0,Unknown,Second class
377,24.0,Southampton (UK),10.5,Unknown,Second class
378,8.0,Southampton (UK),26.25,Unknown,Second class
379,31.0,Southampton (UK),26.25,Unknown,Second class
380,31.0,Southampton (UK),26.25,Unknown,Second class
381,22.0,Southampton (UK),10.5,F,Second class
382,30.0,Southampton (UK),13.0,Unknown,Second class
383,27.0,Southampton (UK),21.0,Unknown,Second class
384,21.0,Southampton (UK),11.5,Unknown,Second class
385,30.0,Southampton (UK),0.0,Unknown,Second class
386,8.0,Southampton (UK),36.75,Unknown,Second class
387,18.0,Southampton (UK),73.5,Unknown,Second class
388,48.0,Southampton (UK),36.75,Unknown,Second class
389,28.0,Southampton (UK),13.0,Unknown,Second class
390,32.0,Southampton (UK),13.0,Unknown,Second class
391,17.0,Southampton (UK),73.5,Unknown,Second class
392,29.0,Cherbourg (FR),27.7208,Unknown,Second class
393,24.0,Cherbourg (FR),27.7208,Unknown,Second class
394,25.0,Southampton (UK),31.5,Unknown,Second class
395,18.0,Southampton (UK),73.5,Unknown,Second class
396,18.0,Southampton (UK),23.0,Unknown,Second class
397,34.0,Southampton (UK),23.0,Unknown,Second class
398,54.0,Southampton (UK),26.0,Unknown,Second class
399,8.0,Southampton (UK),32.5,Unknown,Second class
400,42.0,Southampton (UK),32.5,Unknown,Second class
401,34.0,Southampton (UK),32.5,Unknown,Second class
402,27.0,Cherbourg (FR),13.8583,Unknown,Second class
403,30.0,Cherbourg (FR),13.8583,Unknown,Second class
404,23.0,Southampton (UK),13.0,Unknown,Second class
405,21.0,Southampton (UK),13.0,Unknown,Second class
406,18.0,Southampton (UK),13.0,Unknown,Second class
407,40.0,Southampton (UK),26.0,Unknown,Second class
408,29.0,Southampton (UK),26.0,Unknown,Second class
409,18.0,Southampton (UK),10.5,Unknown,Second class
410,36.0,Southampton (UK),13.0,Unknown,Second class
411,30.0,Southampton (UK),0.0,Unknown,Second class
412,38.0,Southampton (UK),13.0,Unknown,Second class
413,35.0,Southampton (UK),26.0,Unknown,Second class
414,38.0,Southampton (UK),21.0,Unknown,Second class
415,34.0,Southampton (UK),21.0,Unknown,Second class
416,34.0,Southampton (UK),13.0,Unknown,Second class
417,16.0,Southampton (UK),26.0,Unknown,Second class
418,26.0,Southampton (UK),10.5,Unknown,Second class
419,47.0,Southampton (UK),10.5,Unknown,Second class
420,21.0,Southampton (UK),11.5,Unknown,Second class
421,21.0,Southampton (UK),11.5,Unknown,Second class
422,24.0,Southampton (UK),13.5,Unknown,Second class
423,24.0,Southampton (UK),13.0,Unknown,Second class
424,34.0,Southampton (UK),13.0,Unknown,Second class
425,30.0,Southampton (UK),13.0,Unknown,Second class
426,52.0,Southampton (UK),13.0,Unknown,Second class
427,30.0,Southampton (UK),13.0,Unknown,Second class
428,0.6667,Southampton (UK),14.5,Unknown,Second class
429,24.0,Southampton (UK),14.5,Unknown,Second class
430,44.0,Southampton (UK),13.0,Unknown,Second class
431,6.0,Southampton (UK),33.0,Unknown,Second class
432,28.0,Southampton (UK),33.0,Unknown,Second class
433,62.0,Southampton (UK),10.5,Unknown,Second class
434,30.0,Southampton (UK),10.5,Unknown,Second class
435,7.0,Southampton (UK),26.25,Unknown,Second class
436,43.0,Southampton (UK),26.25,Unknown,Second class
437,45.0,Southampton (UK),26.25,Unknown,Second class
438,24.0,Southampton (UK),65.0,Unknown,Second class
439,24.0,Southampton (UK),65.0,Unknown,Second class
440,49.0,Southampton (UK),65.0,Unknown,Second class
441,48.0,Southampton (UK),65.0,Unknown,Second class
442,55.0,Southampton (UK),16.0,Unknown,Second class
443,24.0,Southampton (UK),73.5,Unknown,Second class
444,32.0,Southampton (UK),73.5,Unknown,Second class
445,21.0,Southampton (UK),73.5,Unknown,Second class
446,18.0,Southampton (UK),13.0,Unknown,Second class
447,20.0,Southampton (UK),23.0,Unknown,Second class
448,23.0,Southampton (UK),11.5,Unknown,Second class
449,36.0,Southampton (UK),13.0,Unknown,Second class
450,54.0,Southampton (UK),23.0,Unknown,Second class
451,50.0,Southampton (UK),13.0,Unknown,Second class
452,44.0,Southampton (UK),26.0,Unknown,Second class
453,29.0,Southampton (UK),26.0,Unknown,Second class
454,21.0,Southampton (UK),73.5,Unknown,Second class
455,42.0,Southampton (UK),13.0,Unknown,Second class
456,63.0,Southampton (UK),26.0,Unknown,Second class
457,60.0,Southampton (UK),26.0,Unknown,Second class
458,33.0,Southampton (UK),12.275,Unknown,Second class
459,17.0,Southampton (UK),10.5,Unknown,Second class
460,42.0,Southampton (UK),27.0,Unknown,Second class
461,24.0,Southampton (UK),27.0,Unknown,Second class
462,47.0,Southampton (UK),15.0,Unknown,Second class
463,24.0,Southampton (UK),31.5,Unknown,Second class
464,22.0,Southampton (UK),31.5,Unknown,Second class
465,32.0,Southampton (UK),10.5,Unknown,Second class
466,23.0,Cherbourg (FR),13.7917,D,Second class
467,34.0,Southampton (UK),26.0,Unknown,Second class
468,24.0,Southampton (UK),26.0,Unknown,Second class
469,22.0,Southampton (UK),21.0,Unknown,Second class
470,27.0,Queenstown (IE),12.35,E,Second class
471,35.0,Queenstown (IE),12.35,Unknown,Second class
472,45.0,Southampton (UK),13.5,Unknown,Second class
473,57.0,Queenstown (IE),12.35,Unknown,Second class
474,30.0,Southampton (UK),0.0,Unknown,Second class
475,31.0,Southampton (UK),10.5,Unknown,Second class
476,26.0,Southampton (UK),26.0,Unknown,Second class
477,30.0,Southampton (UK),26.0,Unknown,Second class
478,30.0,Queenstown (IE),10.7083,Unknown,Second class
479,1.0,Cherbourg (FR),41.5792,Unknown,Second class
480,3.0,Cherbourg (FR),41.5792,Unknown,Second class
481,25.0,Cherbourg (FR),41.5792,Unknown,Second class
482,22.0,Cherbourg (FR),41.5792,Unknown,Second class
483,17.0,Cherbourg (FR),12.0,Unknown,Second class
484,27.0,Southampton (UK),33.0,Unknown,Second class
485,34.0,Southampton (UK),10.5,F,Second class
486,36.0,Cherbourg (FR),12.875,D,Second class
487,24.0,Southampton (UK),10.5,Unknown,Second class
488,61.0,Queenstown (IE),12.35,Unknown,Second class
489,50.0,Southampton (UK),26.0,Unknown,Second class
490,42.0,Southampton (UK),26.0,Unknown,Second class
491,57.0,Southampton (UK),10.5,E,Second class
492,30.0,Cherbourg (FR),15.0458,D,Second class
493,1.0,Cherbourg (FR),37.0042,Unknown,Second class
494,31.0,Cherbourg (FR),37.0042,Unknown,Second class
495,24.0,Cherbourg (FR),37.0042,Unknown,Second class
496,30.0,Cherbourg (FR),15.5792,Unknown,Second class
497,30.0,Southampton (UK),13.0,Unknown,Second class
498,40.0,Southampton (UK),16.0,Unknown,Second class
499,32.0,Southampton (UK),13.5,Unknown,Second class
500,30.0,Southampton (UK),13.0,Unknown,Second class
501,46.0,Southampton (UK),26.0,Unknown,Second class
502,13.0,Southampton (UK),19.5,Unknown,Second class
503,41.0,Southampton (UK),19.5,Unknown,Second class
504,19.0,Southampton (UK),10.5,Unknown,Second class
505,39.0,Southampton (UK),13.0,Unknown,Second class
506,48.0,Southampton (UK),13.0,Unknown,Second class
507,70.0,Southampton (UK),10.5,Unknown,Second class
508,27.0,Southampton (UK),13.0,Unknown,Second class
509,54.0,Southampton (UK),14.0,Unknown,Second class
510,39.0,Southampton (UK),26.0,Unknown,Second class
511,16.0,Southampton (UK),10.5,Unknown,Second class
512,62.0,Queenstown (IE),9.6875,Unknown,Second class
513,32.5,Cherbourg (FR),30.0708,Unknown,Second class
514,14.0,Cherbourg (FR),30.0708,Unknown,Second class
515,2.0,Southampton (UK),26.0,F,Second class
516,3.0,Southampton (UK),26.0,F,Second class
517,36.5,Southampton (UK),26.0,F,Second class
518,26.0,Southampton (UK),13.0,F,Second class
519,19.0,Southampton (UK),36.75,Unknown,Second class
520,28.0,Southampton (UK),13.5,Unknown,Second class
521,20.0,Cherbourg (FR),13.8625,D,Second class
522,29.0,Southampton (UK),10.5,F,Second class
523,39.0,Southampton (UK),13.0,Unknown,Second class
524,22.0,Southampton (UK),10.5,Unknown,Second class
525,30.0,Cherbourg (FR),13.8625,Unknown,Second class
526,23.0,Southampton (UK),10.5,Unknown,Second class
527,29.0,Cherbourg (FR),13.8583,Unknown,Second class
528,28.0,Southampton (UK),10.5,Unknown,Second class
529,30.0,Southampton (UK),0.0,Unknown,Second class
530,50.0,Southampton (UK),26.0,Unknown,Second class
531,19.0,Southampton (UK),10.5,Unknown,Second class
532,30.0,Cherbourg (FR),15.05,Unknown,Second class
533,41.0,Southampton (UK),13.0,Unknown,Second class
534,21.0,Southampton (UK),21.0,Unknown,Second class
535,19.0,Southampton (UK),26.0,Unknown,Second class
536,43.0,Southampton (UK),21.0,Unknown,Second class
537,32.0,Southampton (UK),13.0,Unknown,Second class
538,34.0,Southampton (UK),13.0,Unknown,Second class
539,30.0,Cherbourg (FR),12.7375,Unknown,Second class
540,27.0,Cherbourg (FR),15.0333,Unknown,Second class
541,2.0,Southampton (UK),26.0,Unknown,Second class
542,8.0,Southampton (UK),26.0,Unknown,Second class
543,33.0,Southampton (UK),26.0,Unknown,Second class
544,36.0,Southampton (UK),10.5,Unknown,Second class
545,34.0,Southampton (UK),21.0,Unknown,Second class
546,30.0,Southampton (UK),21.0,Unknown,Second class
547,28.0,Southampton (UK),13.0,Unknown,Second class
548,23.0,Cherbourg (FR),15.0458,Unknown,Second class
549,0.8333,Southampton (UK),18.75,Unknown,Second class
550,3.0,Southampton (UK),18.75,Unknown,Second class
551,24.0,Southampton (UK),18.75,Unknown,Second class
552,50.0,Southampton (UK),10.5,Unknown,Second class
553,19.0,Southampton (UK),10.5,Unknown,Second class
554,21.0,Southampton (UK),10.5,Unknown,Second class
555,26.0,Southampton (UK),13.0,Unknown,Second class
556,25.0,Southampton (UK),13.0,Unknown,Second class
557,27.0,Southampton (UK),26.0,Unknown,Second class
558,25.0,Southampton (UK),26.0,Unknown,Second class
559,18.0,Southampton (UK),13.0,Unknown,Second class
560,20.0,Southampton (UK),36.75,Unknown,Second class
561,30.0,Southampton (UK),13.0,Unknown,Second class
562,59.0,Southampton (UK),13.5,Unknown,Second class
563,30.0,Queenstown (IE),12.35,Unknown,Second class
564,35.0,Southampton (UK),10.5,Unknown,Second class
565,40.0,Southampton (UK),13.0,Unknown,Second class
566,25.0,Southampton (UK),13.0,Unknown,Second class
567,41.0,Cherbourg (FR),15.0458,Unknown,Second class
568,25.0,Southampton (UK),10.5,Unknown,Second class
569,18.5,Southampton (UK),13.0,F,Second class
570,14.0,Southampton (UK),65.0,Unknown,Second class
571,50.0,Southampton (UK),10.5,Unknown,Second class
572,23.0,Southampton (UK),13.0,Unknown,Second class
573,28.0,Southampton (UK),12.65,Unknown,Second class
574,27.0,Southampton (UK),10.5,E,Second class
575,29.0,Southampton (UK),21.0,Unknown,Second class
576,27.0,Southampton (UK),21.0,Unknown,Second class
577,40.0,Southampton (UK),13.0,Unknown,Second class
578,31.0,Southampton (UK),21.0,Unknown,Second class
579,30.0,Southampton (UK),21.0,Unknown,Second class
580,23.0,Southampton (UK),10.5,Unknown,Second class
581,31.0,Southampton (UK),21.0,Unknown,Second class
582,30.0,Southampton (UK),0.0,Unknown,Second class
583,12.0,Southampton (UK),15.75,Unknown,Second class
584,40.0,Southampton (UK),15.75,Unknown,Second class
585,32.5,Southampton (UK),13.0,E,Second class
586,27.0,Southampton (UK),26.0,Unknown,Second class
587,29.0,Southampton (UK),26.0,Unknown,Second class
588,2.0,Southampton (UK),23.0,Unknown,Second class
589,4.0,Southampton (UK),23.0,Unknown,Second class
590,29.0,Southampton (UK),23.0,Unknown,Second class
591,0.9167,Southampton (UK),27.75,Unknown,Second class
592,5.0,Southampton (UK),27.75,Unknown,Second class
593,36.0,Southampton (UK),27.75,Unknown,Second class
594,33.0,Southampton (UK),27.75,Unknown,Second class
595,66.0,Southampton (UK),10.5,Unknown,Second class
596,30.0,Southampton (UK),12.875,Unknown,Second class
597,31.0,Southampton (UK),13.0,Unknown,Second class
598,30.0,Southampton (UK),13.0,Unknown,Second class
599,26.0,Southampton (UK),13.5,Unknown,Second class
600,24.0,Southampton (UK),13.0,Unknown,Second class
601,42.0,Southampton (UK),7.55,Unknown,Third class
602,13.0,Southampton (UK),20.25,Unknown,Third class
603,16.0,Southampton (UK),20.25,Unknown,Third class
604,35.0,Southampton (UK),20.25,Unknown,Third class
605,16.0,Southampton (UK),7.65,Unknown,Third class
606,25.0,Southampton (UK),7.65,F,Third class
607,20.0,Southampton (UK),7.925,Unknown,Third class
608,18.0,Cherbourg (FR),7.2292,Unknown,Third class
609,30.0,Southampton (UK),7.25,Unknown,Third class
610,26.0,Southampton (UK),8.05,Unknown,Third class
611,40.0,Southampton (UK),9.475,Unknown,Third class
612,0.8333,Southampton (UK),9.35,Unknown,Third class
613,18.0,Southampton (UK),9.35,Unknown,Third class
614,26.0,Cherbourg (FR),18.7875,Unknown,Third class
615,26.0,Southampton (UK),7.8875,Unknown,Third class
616,20.0,Southampton (UK),7.925,Unknown,Third class
617,24.0,Southampton (UK),7.05,Unknown,Third class
618,25.0,Southampton (UK),7.05,Unknown,Third class
619,35.0,Southampton (UK),8.05,Unknown,Third class
620,18.0,Southampton (UK),8.3,Unknown,Third class
621,32.0,Southampton (UK),22.525,Unknown,Third class
622,19.0,Southampton (UK),7.8542,Unknown,Third class
623,4.0,Southampton (UK),31.275,Unknown,Third class
624,6.0,Southampton (UK),31.275,Unknown,Third class
625,2.0,Southampton (UK),31.275,Unknown,Third class
626,17.0,Southampton (UK),7.925,Unknown,Third class
627,38.0,Southampton (UK),7.775,Unknown,Third class
628,9.0,Southampton (UK),31.275,Unknown,Third class
629,11.0,Southampton (UK),31.275,Unknown,Third class
630,39.0,Southampton (UK),31.275,Unknown,Third class
631,27.0,Southampton (UK),7.7958,Unknown,Third class
632,26.0,Southampton (UK),7.775,Unknown,Third class
633,39.0,Southampton (UK),31.275,Unknown,Third class
634,20.0,Southampton (UK),7.8542,Unknown,Third class
635,26.0,Southampton (UK),7.8958,Unknown,Third class
636,25.0,Southampton (UK),17.8,Unknown,Third class
637,18.0,Southampton (UK),17.8,Unknown,Third class
638,24.0,Southampton (UK),7.775,Unknown,Third class
639,35.0,Southampton (UK),7.05,Unknown,Third class
640,5.0,Southampton (UK),31.3875,Unknown,Third class
641,9.0,Southampton (UK),31.3875,Unknown,Third class
642,3.0,Southampton (UK),31.3875,Unknown,Third class
643,13.0,Southampton (UK),31.3875,Unknown,Third class
644,5.0,Southampton (UK),31.3875,Unknown,Third class
645,40.0,Southampton (UK),31.3875,Unknown,Third class
646,23.0,Southampton (UK),7.7958,Unknown,Third class
647,38.0,Southampton (UK),31.3875,Unknown,Third class
648,45.0,Cherbourg (FR),7.225,Unknown,Third class
649,21.0,Cherbourg (FR),7.225,Unknown,Third class
650,23.0,Southampton (UK),7.05,Unknown,Third class
651,17.0,Cherbourg (FR),14.4583,Unknown,Third class
652,30.0,Cherbourg (FR),7.225,Unknown,Third class
653,23.0,Southampton (UK),7.8542,Unknown,Third class
654,13.0,Cherbourg (FR),7.2292,Unknown,Third class
655,20.0,Cherbourg (FR),7.225,Unknown,Third class
656,32.0,Southampton (UK),15.85,Unknown,Third class
657,33.0,Southampton (UK),15.85,Unknown,Third class
658,0.75,Cherbourg (FR),19.2583,Unknown,Third class
659,0.75,Cherbourg (FR),19.2583,Unknown,Third class
660,5.0,Cherbourg (FR),19.2583,Unknown,Third class
661,24.0,Cherbourg (FR),19.2583,Unknown,Third class
662,18.0,Southampton (UK),8.05,Unknown,Third class
663,40.0,Cherbourg (FR),7.225,Unknown,Third class
664,26.0,Southampton (UK),7.8958,Unknown,Third class
665,20.0,Cherbourg (FR),7.2292,Unknown,Third class
666,18.0,Cherbourg (FR),14.4542,Unknown,Third class
667,45.0,Cherbourg (FR),14.4542,Unknown,Third class
668,27.0,Queenstown (IE),7.8792,Unknown,Third class
669,22.0,Southampton (UK),8.05,Unknown,Third class
670,19.0,Southampton (UK),8.05,Unknown,Third class
671,26.0,Southampton (UK),7.775,Unknown,Third class
672,22.0,Southampton (UK),9.35,Unknown,Third class
673,25.0,Cherbourg (FR),7.2292,Unknown,Third class
674,20.0,Cherbourg (FR),4.0125,Unknown,Third class
675,32.0,Southampton (UK),56.4958,Unknown,Third class
676,21.0,Southampton (UK),7.775,Unknown,Third class
677,18.0,Southampton (UK),7.75,Unknown,Third class
678,26.0,Southampton (UK),7.8958,Unknown,Third class
679,6.0,Cherbourg (FR),15.2458,Unknown,Third class
680,9.0,Cherbourg (FR),15.2458,Unknown,Third class
681,25.0,Cherbourg (FR),7.225,Unknown,Third class
682,22.0,Cherbourg (FR),15.2458,Unknown,Third class
683,22.0,Queenstown (IE),7.75,Unknown,Third class
684,40.0,Queenstown (IE),15.5,Unknown,Third class
685,32.0,Queenstown (IE),15.5,Unknown,Third class
686,21.0,Southampton (UK),16.1,Unknown,Third class
687,22.0,Queenstown (IE),7.725,Unknown,Third class
688,20.0,Southampton (UK),7.8542,Unknown,Third class
689,29.0,Southampton (UK),7.0458,Unknown,Third class
690,22.0,Southampton (UK),7.25,Unknown,Third class
691,22.0,Southampton (UK),7.7958,Unknown,Third class
692,35.0,Southampton (UK),8.05,Unknown,Third class
693,18.5,Queenstown (IE),7.2833,Unknown,Third class
694,21.0,Queenstown (IE),7.8208,Unknown,Third class
695,19.0,Queenstown (IE),6.75,Unknown,Third class
696,18.0,Queenstown (IE),7.8792,Unknown,Third class
697,21.0,Southampton (UK),8.6625,Unknown,Third class
698,30.0,Southampton (UK),8.6625,Unknown,Third class
699,18.0,Southampton (UK),8.6625,Unknown,Third class
700,38.0,Southampton (UK),8.6625,Unknown,Third class
701,17.0,Southampton (UK),8.6625,Unknown,Third class
702,17.0,Southampton (UK),8.6625,Unknown,Third class
703,21.0,Queenstown (IE),7.75,Unknown,Third class
704,21.0,Queenstown (IE),7.75,Unknown,Third class
705,21.0,Southampton (UK),8.05,Unknown,Third class
706,25.0,Cherbourg (FR),14.4583,Unknown,Third class
707,22.0,Cherbourg (FR),14.4583,Unknown,Third class
708,28.0,Southampton (UK),7.7958,Unknown,Third class
709,24.0,Southampton (UK),7.8542,Unknown,Third class
710,16.0,Queenstown (IE),7.75,Unknown,Third class
711,37.0,Queenstown (IE),7.75,Unknown,Third class
712,28.0,Southampton (UK),7.25,Unknown,Third class
713,24.0,Southampton (UK),8.05,Unknown,Third class
714,21.0,Queenstown (IE),7.7333,Unknown,Third class
715,32.0,Southampton (UK),56.4958,Unknown,Third class
716,29.0,Southampton (UK),8.05,Unknown,Third class
717,26.0,Cherbourg (FR),14.4542,Unknown,Third class
718,18.0,Cherbourg (FR),14.4542,Unknown,Third class
719,20.0,Southampton (UK),7.05,Unknown,Third class
720,18.0,Southampton (UK),8.05,Unknown,Third class
721,24.0,Queenstown (IE),7.25,Unknown,Third class
722,36.0,Southampton (UK),7.4958,Unknown,Third class
723,24.0,Southampton (UK),7.4958,Unknown,Third class
724,31.0,Queenstown (IE),7.7333,Unknown,Third class
725,31.0,Queenstown (IE),7.75,Unknown,Third class
726,22.0,Queenstown (IE),7.75,Unknown,Third class
727,30.0,Queenstown (IE),7.6292,Unknown,Third class
728,70.5,Queenstown (IE),7.75,Unknown,Third class
729,43.0,Southampton (UK),8.05,Unknown,Third class
730,35.0,Southampton (UK),7.8958,Unknown,Third class
731,27.0,Southampton (UK),7.8958,Unknown,Third class
732,19.0,Southampton (UK),7.8958,Unknown,Third class
733,30.0,Southampton (UK),8.05,Unknown,Third class
734,9.0,Southampton (UK),15.9,Unknown,Third class
735,3.0,Southampton (UK),15.9,Unknown,Third class
736,36.0,Southampton (UK),15.9,Unknown,Third class
737,59.0,Southampton (UK),7.25,Unknown,Third class
738,19.0,Southampton (UK),8.1583,Unknown,Third class
739,17.0,Southampton (UK),16.1,Unknown,Third class
740,44.0,Southampton (UK),16.1,Unknown,Third class
741,17.0,Southampton (UK),8.6625,Unknown,Third class
742,22.5,Cherbourg (FR),7.225,Unknown,Third class
743,45.0,Southampton (UK),8.05,Unknown,Third class
744,22.0,Southampton (UK),10.5167,Unknown,Third class
745,19.0,Southampton (UK),10.1708,Unknown,Third class
746,30.0,Queenstown (IE),6.95,Unknown,Third class
747,29.0,Queenstown (IE),7.75,Unknown,Third class
748,0.3333,Southampton (UK),14.4,Unknown,Third class
749,34.0,Southampton (UK),14.4,Unknown,Third class
750,28.0,Southampton (UK),14.4,Unknown,Third class
751,27.0,Southampton (UK),7.8958,Unknown,Third class
752,25.0,Southampton (UK),7.8958,Unknown,Third class
753,24.0,Southampton (UK),24.15,Unknown,Third class
754,22.0,Southampton (UK),8.05,Unknown,Third class
755,21.0,Southampton (UK),24.15,Unknown,Third class
756,17.0,Southampton (UK),8.05,Unknown,Third class
757,25.0,Southampton (UK),16.1,Unknown,Third class
758,22.0,Southampton (UK),16.1,Unknown,Third class
759,36.5,Southampton (UK),17.4,Unknown,Third class
760,36.0,Southampton (UK),17.4,Unknown,Third class
761,30.0,Southampton (UK),9.5,Unknown,Third class
762,16.0,Southampton (UK),9.5,Unknown,Third class
763,1.0,Southampton (UK),20.575,Unknown,Third class
764,0.1667,Southampton (UK),20.575,Unknown,Third class
765,26.0,Southampton (UK),20.575,Unknown,Third class
766,33.0,Southampton (UK),20.575,Unknown,Third class
767,25.0,Southampton (UK),7.8958,Unknown,Third class
768,25.0,Southampton (UK),7.8958,Unknown,Third class
769,25.0,Southampton (UK),7.8958,Unknown,Third class
770,22.0,Southampton (UK),7.25,Unknown,Third class
771,36.0,Southampton (UK),7.25,Unknown,Third class
772,19.0,Queenstown (IE),7.8792,Unknown,Third class
773,17.0,Southampton (UK),7.8958,Unknown,Third class
774,42.0,Southampton (UK),8.6625,Unknown,Third class
775,43.0,Southampton (UK),7.8958,Unknown,Third class
776,25.0,Cherbourg (FR),7.2292,Unknown,Third class
777,32.0,Queenstown (IE),7.75,Unknown,Third class
778,19.0,Southampton (UK),8.05,Unknown,Third class
779,30.0,Southampton (UK),12.475,Unknown,Third class
780,24.0,Queenstown (IE),7.75,Unknown,Third class
781,23.0,Southampton (UK),8.05,Unknown,Third class
782,33.0,Cherbourg (FR),7.8958,Unknown,Third class
783,65.0,Queenstown (IE),7.75,Unknown,Third class
784,24.0,Southampton (UK),7.55,Unknown,Third class
785,23.0,Southampton (UK),13.9,Unknown,Third class
786,22.0,Southampton (UK),13.9,Unknown,Third class
787,18.0,Southampton (UK),7.775,Unknown,Third class
788,16.0,Southampton (UK),7.775,Unknown,Third class
789,45.0,Southampton (UK),6.975,Unknown,Third class
790,25.0,Cherbourg (FR),7.225,Unknown,Third class
791,39.0,Cherbourg (FR),7.2292,Unknown,Third class
792,17.0,Cherbourg (FR),7.2292,Unknown,Third class
793,15.0,Cherbourg (FR),7.2292,Unknown,Third class
794,47.0,Southampton (UK),7.25,Unknown,Third class
795,5.0,Southampton (UK),12.475,Unknown,Third class
796,25.0,Cherbourg (FR),7.225,Unknown,Third class
797,40.5,Southampton (UK),15.1,Unknown,Third class
798,40.5,Queenstown (IE),7.75,Unknown,Third class
799,25.0,Southampton (UK),7.05,Unknown,Third class
800,18.0,Southampton (UK),7.7958,Unknown,Third class
801,22.0,Queenstown (IE),7.75,Unknown,Third class
802,25.0,Queenstown (IE),7.75,Unknown,Third class
803,25.0,Queenstown (IE),6.95,Unknown,Third class
804,26.0,Queenstown (IE),7.8792,Unknown,Third class
805,25.0,Queenstown (IE),7.75,Unknown,Third class
806,25.0,Southampton (UK),56.4958,Unknown,Third class
807,21.0,Southampton (UK),34.375,Unknown,Third class
808,9.0,Southampton (UK),34.375,Unknown,Third class
809,25.0,Southampton (UK),8.05,Unknown,Third class
810,18.0,Southampton (UK),34.375,Unknown,Third class
811,16.0,Southampton (UK),34.375,Unknown,Third class
812,48.0,Southampton (UK),34.375,Unknown,Third class
813,25.0,Queenstown (IE),7.75,Unknown,Third class
814,25.0,Southampton (UK),7.25,Unknown,Third class
815,25.0,Queenstown (IE),7.7417,Unknown,Third class
816,25.0,Southampton (UK),14.5,Unknown,Third class
817,25.0,Cherbourg (FR),7.8958,Unknown,Third class
818,22.0,Southampton (UK),8.05,Unknown,Third class
819,16.0,Queenstown (IE),7.7333,Unknown,Third class
820,22.0,Queenstown (IE),7.75,Unknown,Third class
821,9.0,Southampton (UK),20.525,Unknown,Third class
822,33.0,Southampton (UK),20.525,Unknown,Third class
823,41.0,Southampton (UK),7.85,Unknown,Third class
824,31.0,Southampton (UK),20.525,Unknown,Third class
825,38.0,Southampton (UK),7.05,Unknown,Third class
826,9.0,Southampton (UK),46.9,Unknown,Third class
827,1.0,Southampton (UK),46.9,Unknown,Third class
828,11.0,Southampton (UK),46.9,Unknown,Third class
829,10.0,Southampton (UK),46.9,Unknown,Third class
830,16.0,Southampton (UK),46.9,Unknown,Third class
831,14.0,Southampton (UK),46.9,Unknown,Third class
832,40.0,Southampton (UK),46.9,Unknown,Third class
833,43.0,Southampton (UK),46.9,Unknown,Third class
834,51.0,Southampton (UK),8.05,Unknown,Third class
835,32.0,Southampton (UK),8.3625,Unknown,Third class
836,25.0,Southampton (UK),8.05,Unknown,Third class
837,20.0,Southampton (UK),9.8458,Unknown,Third class
838,37.0,Southampton (UK),7.925,Unknown,Third class
839,28.0,Southampton (UK),7.925,Unknown,Third class
840,19.0,Southampton (UK),7.775,Unknown,Third class
841,24.0,Southampton (UK),8.85,Unknown,Third class
842,17.0,Queenstown (IE),7.7333,Unknown,Third class
843,25.0,Southampton (UK),19.9667,Unknown,Third class
844,25.0,Southampton (UK),19.9667,Unknown,Third class
845,28.0,Southampton (UK),15.85,Unknown,Third class
846,24.0,Southampton (UK),15.85,Unknown,Third class
847,20.0,Southampton (UK),9.5,Unknown,Third class
848,23.5,Cherbourg (FR),7.2292,Unknown,Third class
849,41.0,Southampton (UK),14.1083,Unknown,Third class
850,26.0,Southampton (UK),7.8542,Unknown,Third class
851,21.0,Southampton (UK),7.8542,Unknown,Third class
852,45.0,Southampton (UK),14.1083,Unknown,Third class
853,22.0,Southampton (UK),7.55,Unknown,Third class
854,25.0,Southampton (UK),7.25,Unknown,Third class
855,25.0,Queenstown (IE),6.8583,Unknown,Third class
856,11.0,Cherbourg (FR),18.7875,Unknown,Third class
857,22.0,Queenstown (IE),7.75,Unknown,Third class
858,27.0,Southampton (UK),6.975,Unknown,Third class
859,25.0,Southampton (UK),56.4958,Unknown,Third class
860,18.0,Queenstown (IE),6.75,Unknown,Third class
861,26.0,Southampton (UK),7.925,Unknown,Third class
862,23.0,Southampton (UK),7.925,Unknown,Third class
863,22.0,Southampton (UK),8.9625,Unknown,Third class
864,28.0,Southampton (UK),7.8958,Unknown,Third class
865,28.0,Southampton (UK),7.775,Unknown,Third class
866,22.0,Queenstown (IE),7.75,Unknown,Third class
867,2.0,Southampton (UK),12.2875,Unknown,Third class
868,22.0,Southampton (UK),12.2875,Unknown,Third class
869,43.0,Southampton (UK),6.45,Unknown,Third class
870,28.0,Southampton (UK),22.525,Unknown,Third class
871,27.0,Southampton (UK),7.925,Unknown,Third class
872,25.0,Queenstown (IE),7.75,Unknown,Third class
873,22.0,Southampton (UK),8.05,Unknown,Third class
874,42.0,Southampton (UK),7.65,F,Third class
875,25.0,Southampton (UK),7.8875,Unknown,Third class
876,30.0,Cherbourg (FR),7.2292,Unknown,Third class
877,25.0,Southampton (UK),7.8958,Unknown,Third class
878,27.0,Southampton (UK),7.925,Unknown,Third class
879,25.0,Southampton (UK),7.925,Unknown,Third class
880,25.0,Southampton (UK),7.8958,Unknown,Third class
881,29.0,Cherbourg (FR),7.8958,Unknown,Third class
882,21.0,Southampton (UK),7.7958,Unknown,Third class
883,25.0,Southampton (UK),7.05,Unknown,Third class
884,20.0,Southampton (UK),7.8542,Unknown,Third class
885,48.0,Southampton (UK),7.8542,Unknown,Third class
886,17.0,Southampton (UK),7.0542,Unknown,Third class
887,22.0,Queenstown (IE),7.75,Unknown,Third class
888,25.0,Southampton (UK),8.1125,Unknown,Third class
889,34.0,Southampton (UK),6.4958,Unknown,Third class
890,26.0,Southampton (UK),7.775,Unknown,Third class
891,22.0,Southampton (UK),7.7958,Unknown,Third class
892,33.0,Southampton (UK),8.6542,Unknown,Third class
893,31.0,Southampton (UK),7.775,Unknown,Third class
894,29.0,Southampton (UK),7.8542,Unknown,Third class
895,4.0,Southampton (UK),11.1333,Unknown,Third class
896,1.0,Southampton (UK),11.1333,Unknown,Third class
897,49.0,Southampton (UK),0.0,Unknown,Third class
898,33.0,Southampton (UK),7.775,Unknown,Third class
899,19.0,Southampton (UK),0.0,Unknown,Third class
900,27.0,Southampton (UK),11.1333,Unknown,Third class
901,25.0,Southampton (UK),23.45,Unknown,Third class
902,22.0,Southampton (UK),23.45,Unknown,Third class
903,25.0,Southampton (UK),23.45,Unknown,Third class
904,22.0,Southampton (UK),23.45,Unknown,Third class
905,23.0,Southampton (UK),7.8958,Unknown,Third class
906,32.0,Southampton (UK),7.8542,Unknown,Third class
907,27.0,Southampton (UK),7.8542,Unknown,Third class
908,20.0,Southampton (UK),9.825,Unknown,Third class
909,21.0,Southampton (UK),9.825,Unknown,Third class
910,32.0,Southampton (UK),7.925,Unknown,Third class
911,17.0,Southampton (UK),7.125,Unknown,Third class
912,21.0,Southampton (UK),8.4333,Unknown,Third class
913,30.0,Southampton (UK),7.8958,Unknown,Third class
914,21.0,Southampton (UK),7.7958,Unknown,Third class
915,33.0,Southampton (UK),7.8542,Unknown,Third class
916,22.0,Southampton (UK),7.5208,Unknown,Third class
917,4.0,Cherbourg (FR),13.4167,Unknown,Third class
918,39.0,Cherbourg (FR),13.4167,Unknown,Third class
919,25.0,Cherbourg (FR),7.2292,Unknown,Third class
920,18.5,Cherbourg (FR),7.2292,Unknown,Third class
921,25.0,Queenstown (IE),7.75,Unknown,Third class
922,25.0,Southampton (UK),7.25,Unknown,Third class
923,22.0,Queenstown (IE),7.75,Unknown,Third class
924,22.0,Queenstown (IE),7.75,Unknown,Third class
925,34.5,Queenstown (IE),7.8292,Unknown,Third class
926,44.0,Southampton (UK),8.05,Unknown,Third class
927,25.0,Queenstown (IE),7.75,Unknown,Third class
928,25.0,Cherbourg (FR),14.4542,Unknown,Third class
929,22.0,Cherbourg (FR),14.4542,Unknown,Third class
930,25.0,Queenstown (IE),7.75,Unknown,Third class
931,25.0,Queenstown (IE),7.75,Unknown,Third class
932,25.0,Queenstown (IE),7.7375,Unknown,Third class
933,22.0,Southampton (UK),8.6625,Unknown,Third class
934,26.0,Southampton (UK),8.6625,Unknown,Third class
935,4.0,Southampton (UK),22.025,Unknown,Third class
936,29.0,Southampton (UK),22.025,Unknown,Third class
937,26.0,Southampton (UK),22.025,Unknown,Third class
938,1.0,Southampton (UK),12.1833,Unknown,Third class
939,18.0,Southampton (UK),7.8542,Unknown,Third class
940,36.0,Southampton (UK),12.1833,Unknown,Third class
941,25.0,Cherbourg (FR),7.8958,Unknown,Third class
942,25.0,Cherbourg (FR),7.2292,F,Third class
943,25.0,Cherbourg (FR),7.225,Unknown,Third class
944,37.0,Southampton (UK),9.5875,Unknown,Third class
945,25.0,Southampton (UK),7.8958,Unknown,Third class
946,25.0,Southampton (UK),56.4958,Unknown,Third class
947,25.0,Southampton (UK),56.4958,Unknown,Third class
948,22.0,Southampton (UK),7.25,Unknown,Third class
949,25.0,Queenstown (IE),7.75,Unknown,Third class
950,26.0,Southampton (UK),56.4958,Unknown,Third class
951,29.0,Southampton (UK),9.4833,Unknown,Third class
952,29.0,Southampton (UK),7.775,Unknown,Third class
953,22.0,Southampton (UK),7.775,Unknown,Third class
954,22.0,Cherbourg (FR),7.225,Unknown,Third class
955,25.0,Southampton (UK),25.4667,Unknown,Third class
956,22.0,Southampton (UK),25.4667,Unknown,Third class
957,22.0,Southampton (UK),25.4667,Unknown,Third class
958,22.0,Southampton (UK),25.4667,Unknown,Third class
959,22.0,Southampton (UK),25.4667,Unknown,Third class
960,32.0,Southampton (UK),7.925,Unknown,Third class
961,34.5,Cherbourg (FR),6.4375,Unknown,Third class
962,22.0,Queenstown (IE),15.5,Unknown,Third class
963,25.0,Queenstown (IE),15.5,Unknown,Third class
964,36.0,Southampton (UK),0.0,Unknown,Third class
965,39.0,Southampton (UK),24.15,Unknown,Third class
966,24.0,Southampton (UK),9.5,Unknown,Third class
967,25.0,Southampton (UK),7.775,Unknown,Third class
968,45.0,Southampton (UK),7.75,Unknown,Third class
969,36.0,Southampton (UK),15.55,Unknown,Third class
970,30.0,Southampton (UK),15.55,Unknown,Third class
971,20.0,Southampton (UK),7.925,Unknown,Third class
972,25.0,Queenstown (IE),7.8792,Unknown,Third class
973,28.0,Southampton (UK),56.4958,Unknown,Third class
974,25.0,Southampton (UK),7.55,Unknown,Third class
975,30.0,Southampton (UK),16.1,Unknown,Third class
976,26.0,Southampton (UK),16.1,Unknown,Third class
977,25.0,Southampton (UK),7.8792,Unknown,Third class
978,20.5,Southampton (UK),7.25,Unknown,Third class
979,27.0,Southampton (UK),8.6625,Unknown,Third class
980,51.0,Southampton (UK),7.0542,Unknown,Third class
981,23.0,Southampton (UK),7.8542,Unknown,Third class
982,32.0,Southampton (UK),7.5792,Unknown,Third class
983,25.0,Southampton (UK),7.8958,Unknown,Third class
984,25.0,Southampton (UK),7.55,Unknown,Third class
985,22.0,Queenstown (IE),7.75,Unknown,Third class
986,24.0,Southampton (UK),7.1417,Unknown,Third class
987,22.0,Southampton (UK),7.125,Unknown,Third class
988,22.0,Queenstown (IE),7.8792,Unknown,Third class
989,25.0,Queenstown (IE),7.75,Unknown,Third class
990,25.0,Southampton (UK),8.05,Unknown,Third class
991,29.0,Southampton (UK),7.925,Unknown,Third class
992,25.0,Cherbourg (FR),7.2292,Unknown,Third class
993,30.5,Queenstown (IE),7.75,Unknown,Third class
994,22.0,Queenstown (IE),7.7375,Unknown,Third class
995,25.0,Cherbourg (FR),7.2292,F,Third class
996,35.0,Cherbourg (FR),7.8958,Unknown,Third class
997,33.0,Southampton (UK),7.8958,Unknown,Third class
998,22.0,Cherbourg (FR),7.225,Unknown,Third class
999,25.0,Cherbourg (FR),7.8958,Unknown,Third class
1000,22.0,Queenstown (IE),7.75,Unknown,Third class
1001,25.0,Queenstown (IE),7.75,Unknown,Third class
1002,22.0,Queenstown (IE),23.25,Unknown,Third class
1003,22.0,Queenstown (IE),23.25,Unknown,Third class
1004,25.0,Queenstown (IE),23.25,Unknown,Third class
1005,22.0,Queenstown (IE),7.7875,Unknown,Third class
1006,25.0,Queenstown (IE),15.5,Unknown,Third class
1007,22.0,Queenstown (IE),7.8792,Unknown,Third class
1008,15.0,Queenstown (IE),8.0292,Unknown,Third class
1009,35.0,Queenstown (IE),7.75,Unknown,Third class
1010,25.0,Queenstown (IE),7.75,Unknown,Third class
1011,24.0,Southampton (UK),16.1,Unknown,Third class
1012,19.0,Southampton (UK),16.1,Unknown,Third class
1013,22.0,Queenstown (IE),7.75,Unknown,Third class
1014,22.0,Southampton (UK),8.05,Unknown,Third class
1015,22.0,Southampton (UK),8.05,Unknown,Third class
1016,55.5,Southampton (UK),8.05,Unknown,Third class
1017,25.0,Queenstown (IE),7.75,Unknown,Third class
1018,21.0,Southampton (UK),7.775,Unknown,Third class
1019,25.0,Southampton (UK),8.05,Unknown,Third class
1020,24.0,Southampton (UK),7.8958,Unknown,Third class
1021,21.0,Southampton (UK),7.8958,Unknown,Third class
1022,28.0,Southampton (UK),7.8958,Unknown,Third class
1023,25.0,Southampton (UK),7.8958,Unknown,Third class
1024,22.0,Queenstown (IE),7.8792,Unknown,Third class
1025,25.0,Southampton (UK),7.65,F,Third class
1026,6.0,Southampton (UK),12.475,E,Third class
1027,27.0,Southampton (UK),12.475,E,Third class
1028,25.0,Southampton (UK),8.05,Unknown,Third class
1029,22.0,Queenstown (IE),24.15,Unknown,Third class
1030,25.0,Queenstown (IE),24.15,Unknown,Third class
1031,25.0,Queenstown (IE),8.4583,Unknown,Third class
1032,34.0,Southampton (UK),8.05,Unknown,Third class
1033,25.0,Queenstown (IE),7.75,Unknown,Third class
1034,25.0,Southampton (UK),7.775,Unknown,Third class
1035,25.0,Cherbourg (FR),15.2458,Unknown,Third class
1036,25.0,Cherbourg (FR),15.2458,Unknown,Third class
1037,22.0,Cherbourg (FR),15.2458,Unknown,Third class
1038,22.0,Cherbourg (FR),7.2292,Unknown,Third class
1039,25.0,Southampton (UK),8.05,Unknown,Third class
1040,22.0,Queenstown (IE),7.7333,Unknown,Third class
1041,24.0,Queenstown (IE),7.75,Unknown,Third class
1042,25.0,Southampton (UK),8.05,Unknown,Third class
1043,22.0,Queenstown (IE),15.5,Unknown,Third class
1044,22.0,Queenstown (IE),15.5,Unknown,Third class
1045,22.0,Queenstown (IE),15.5,Unknown,Third class
1046,18.0,Southampton (UK),7.75,Unknown,Third class
1047,22.0,Southampton (UK),7.8958,Unknown,Third class
1048,15.0,Cherbourg (FR),7.225,Unknown,Third class
1049,1.0,Cherbourg (FR),15.7417,Unknown,Third class
1050,20.0,Cherbourg (FR),15.7417,Unknown,Third class
1051,19.0,Cherbourg (FR),15.7417,Unknown,Third class
1052,33.0,Southampton (UK),8.05,Unknown,Third class
1053,25.0,Southampton (UK),7.8958,Unknown,Third class
1054,25.0,Cherbourg (FR),7.2292,Unknown,Third class
1055,22.0,Queenstown (IE),7.75,Unknown,Third class
1056,25.0,Southampton (UK),7.8958,Unknown,Third class
1057,12.0,Cherbourg (FR),11.2417,Unknown,Third class
1058,14.0,Cherbourg (FR),11.2417,Unknown,Third class
1059,29.0,Southampton (UK),7.925,Unknown,Third class
1060,28.0,Southampton (UK),8.05,Unknown,Third class
1061,18.0,Southampton (UK),7.775,Unknown,Third class
1062,26.0,Southampton (UK),7.8542,Unknown,Third class
1063,21.0,Southampton (UK),7.8542,Unknown,Third class
1064,41.0,Southampton (UK),7.125,Unknown,Third class
1065,39.0,Southampton (UK),7.925,Unknown,Third class
1066,21.0,Southampton (UK),7.8,Unknown,Third class
1067,28.5,Cherbourg (FR),7.2292,Unknown,Third class
1068,22.0,Southampton (UK),7.75,Unknown,Third class
1069,61.0,Southampton (UK),6.2375,Unknown,Third class
1070,25.0,Queenstown (IE),15.5,Unknown,Third class
1071,25.0,Queenstown (IE),7.8292,Unknown,Third class
1072,22.0,Queenstown (IE),15.5,Unknown,Third class
1073,25.0,Queenstown (IE),7.7333,Unknown,Third class
1074,25.0,Queenstown (IE),7.75,Unknown,Third class
1075,25.0,Queenstown (IE),7.75,Unknown,Third class
1076,23.0,Southampton (UK),9.225,Unknown,Third class
1077,22.0,Queenstown (IE),7.75,Unknown,Third class
1078,22.0,Queenstown (IE),7.75,Unknown,Third class
1079,22.0,Queenstown (IE),7.8792,Unknown,Third class
1080,22.0,Southampton (UK),7.775,Unknown,Third class
1081,25.0,Queenstown (IE),7.75,Unknown,Third class
1082,22.0,Queenstown (IE),7.8292,Unknown,Third class
1083,9.0,Southampton (UK),3.1708,Unknown,Third class
1084,28.0,Southampton (UK),22.525,Unknown,Third class
1085,42.0,Southampton (UK),8.4042,Unknown,Third class
1086,25.0,Southampton (UK),7.3125,Unknown,Third class
1087,31.0,Southampton (UK),7.8542,Unknown,Third class
1088,28.0,Southampton (UK),7.8542,Unknown,Third class
1089,32.0,Southampton (UK),7.775,Unknown,Third class
1090,20.0,Southampton (UK),9.225,Unknown,Third class
1091,23.0,Southampton (UK),8.6625,Unknown,Third class
1092,20.0,Southampton (UK),8.6625,Unknown,Third class
1093,20.0,Southampton (UK),8.6625,Unknown,Third class
1094,16.0,Southampton (UK),9.2167,Unknown,Third class
1095,31.0,Southampton (UK),8.6833,Unknown,Third class
1096,22.0,Queenstown (IE),7.6292,Unknown,Third class
1097,2.0,Southampton (UK),21.075,Unknown,Third class
1098,6.0,Southampton (UK),21.075,Unknown,Third class
1099,3.0,Southampton (UK),21.075,Unknown,Third class
1100,8.0,Southampton (UK),21.075,Unknown,Third class
1101,29.0,Southampton (UK),21.075,Unknown,Third class
1102,1.0,Southampton (UK),39.6875,Unknown,Third class
1103,7.0,Southampton (UK),39.6875,Unknown,Third class
1104,2.0,Southampton (UK),39.6875,Unknown,Third class
1105,16.0,Southampton (UK),39.6875,Unknown,Third class
1106,14.0,Southampton (UK),39.6875,Unknown,Third class
1107,41.0,Southampton (UK),39.6875,Unknown,Third class
1108,21.0,Southampton (UK),8.6625,Unknown,Third class
1109,19.0,Southampton (UK),14.5,Unknown,Third class
1110,25.0,Cherbourg (FR),8.7125,Unknown,Third class
1111,32.0,Southampton (UK),7.8958,Unknown,Third class
1112,0.75,Southampton (UK),13.775,Unknown,Third class
1113,3.0,Southampton (UK),13.775,Unknown,Third class
1114,26.0,Southampton (UK),13.775,Unknown,Third class
1115,25.0,Southampton (UK),7.0,Unknown,Third class
1116,25.0,Southampton (UK),7.775,Unknown,Third class
1117,25.0,Southampton (UK),8.05,Unknown,Third class
1118,21.0,Southampton (UK),7.925,Unknown,Third class
1119,25.0,Southampton (UK),7.925,Unknown,Third class
1120,22.0,Southampton (UK),7.25,Unknown,Third class
1121,25.0,Southampton (UK),7.775,Unknown,Third class
1122,25.0,Cherbourg (FR),22.3583,Unknown,Third class
1123,22.0,Cherbourg (FR),22.3583,F,Third class
1124,22.0,Cherbourg (FR),22.3583,Unknown,Third class
1125,22.0,Queenstown (IE),8.1375,Unknown,Third class
1126,24.0,Southampton (UK),8.05,Unknown,Third class
1127,28.0,Southampton (UK),7.8958,Unknown,Third class
1128,19.0,Southampton (UK),7.8958,Unknown,Third class
1129,25.0,Southampton (UK),7.8958,Unknown,Third class
1130,25.0,Southampton (UK),7.775,Unknown,Third class
1131,18.0,Southampton (UK),7.775,Unknown,Third class
1132,32.0,Southampton (UK),8.05,E,Third class
1133,25.0,Southampton (UK),7.8958,Unknown,Third class
1134,17.0,Southampton (UK),8.6625,Unknown,Third class
1135,24.0,Southampton (UK),8.6625,Unknown,Third class
1136,25.0,Southampton (UK),7.8958,Unknown,Third class
1137,22.0,Southampton (UK),8.1125,Unknown,Third class
1138,25.0,Cherbourg (FR),7.2292,Unknown,Third class
1139,25.0,Southampton (UK),7.25,Unknown,Third class
1140,38.0,Southampton (UK),7.8958,Unknown,Third class
1141,21.0,Southampton (UK),8.05,Unknown,Third class
1142,10.0,Queenstown (IE),29.125,Unknown,Third class
1143,4.0,Queenstown (IE),29.125,Unknown,Third class
1144,7.0,Queenstown (IE),29.125,Unknown,Third class
1145,2.0,Queenstown (IE),29.125,Unknown,Third class
1146,8.0,Queenstown (IE),29.125,Unknown,Third class
1147,39.0,Queenstown (IE),29.125,Unknown,Third class
1148,22.0,Southampton (UK),39.6875,Unknown,Third class
1149,35.0,Southampton (UK),7.125,Unknown,Third class
1150,22.0,Queenstown (IE),7.7208,Unknown,Third class
1151,25.0,Southampton (UK),14.5,Unknown,Third class
1152,22.0,Southampton (UK),14.5,Unknown,Third class
1153,50.0,Southampton (UK),14.5,Unknown,Third class
1154,47.0,Southampton (UK),14.5,Unknown,Third class
1155,25.0,Southampton (UK),8.05,Unknown,Third class
1156,25.0,Southampton (UK),7.775,Unknown,Third class
1157,2.0,Southampton (UK),20.2125,Unknown,Third class
1158,18.0,Southampton (UK),20.2125,Unknown,Third class
1159,41.0,Southampton (UK),20.2125,Unknown,Third class
1160,22.0,Southampton (UK),8.05,Unknown,Third class
1161,50.0,Southampton (UK),8.05,Unknown,Third class
1162,16.0,Southampton (UK),8.05,Unknown,Third class
1163,25.0,Queenstown (IE),7.75,Unknown,Third class
1164,25.0,Queenstown (IE),24.15,Unknown,Third class
1165,25.0,Cherbourg (FR),7.2292,Unknown,Third class
1166,25.0,Cherbourg (FR),7.225,Unknown,Third class
1167,25.0,Cherbourg (FR),7.225,Unknown,Third class
1168,25.0,Queenstown (IE),7.7292,Unknown,Third class
1169,25.0,Southampton (UK),7.575,Unknown,Third class
1170,38.5,Southampton (UK),7.25,Unknown,Third class
1171,25.0,Southampton (UK),69.55,Unknown,Third class
1172,14.5,Southampton (UK),69.55,Unknown,Third class
1173,22.0,Southampton (UK),69.55,Unknown,Third class
1174,22.0,Southampton (UK),69.55,Unknown,Third class
1175,22.0,Southampton (UK),69.55,Unknown,Third class
1176,22.0,Southampton (UK),69.55,Unknown,Third class
1177,25.0,Southampton (UK),69.55,Unknown,Third class
1178,25.0,Southampton (UK),69.55,Unknown,Third class
1179,25.0,Southampton (UK),69.55,Unknown,Third class
1180,25.0,Southampton (UK),69.55,Unknown,Third class
1181,22.0,Southampton (UK),69.55,Unknown,Third class
1182,24.0,Southampton (UK),9.325,Unknown,Third class
1183,21.0,Southampton (UK),7.65,Unknown,Third class
1184,39.0,Southampton (UK),7.925,Unknown,Third class
1185,25.0,Cherbourg (FR),21.6792,Unknown,Third class
1186,25.0,Cherbourg (FR),21.6792,Unknown,Third class
1187,25.0,Cherbourg (FR),21.6792,Unknown,Third class
1188,1.0,Southampton (UK),16.7,G,Third class
1189,24.0,Southampton (UK),16.7,G,Third class
1190,4.0,Southampton (UK),16.7,G,Third class
1191,25.0,Southampton (UK),9.5,Unknown,Third class
1192,20.0,Southampton (UK),8.05,Unknown,Third class
1193,24.5,Southampton (UK),8.05,Unknown,Third class
1194,25.0,Queenstown (IE),7.725,Unknown,Third class
1195,25.0,Southampton (UK),7.8958,Unknown,Third class
1196,25.0,Queenstown (IE),7.75,Unknown,Third class
1197,29.0,Southampton (UK),9.5,Unknown,Third class
1198,25.0,Southampton (UK),15.1,Unknown,Third class
1199,22.0,Queenstown (IE),7.7792,Unknown,Third class
1200,25.0,Southampton (UK),8.05,Unknown,Third class
1201,25.0,Southampton (UK),8.05,Unknown,Third class
1202,22.0,Cherbourg (FR),7.2292,Unknown,Third class
1203,25.0,Southampton (UK),8.05,Unknown,Third class
1204,40.0,Southampton (UK),7.8958,Unknown,Third class
1205,21.0,Southampton (UK),7.925,Unknown,Third class
1206,18.0,Southampton (UK),7.4958,Unknown,Third class
1207,4.0,Southampton (UK),27.9,Unknown,Third class
1208,10.0,Southampton (UK),27.9,Unknown,Third class
1209,9.0,Southampton (UK),27.9,Unknown,Third class
1210,2.0,Southampton (UK),27.9,Unknown,Third class
1211,40.0,Southampton (UK),27.9,Unknown,Third class
1212,45.0,Southampton (UK),27.9,Unknown,Third class
1213,25.0,Southampton (UK),7.8958,Unknown,Third class
1214,25.0,Southampton (UK),8.05,Unknown,Third class
1215,25.0,Southampton (UK),8.6625,Unknown,Third class
1216,25.0,Queenstown (IE),7.75,Unknown,Third class
1217,22.0,Queenstown (IE),7.7333,Unknown,Third class
1218,19.0,Southampton (UK),7.65,F,Third class
1219,30.0,Southampton (UK),8.05,Unknown,Third class
1220,25.0,Southampton (UK),8.05,Unknown,Third class
1221,32.0,Southampton (UK),8.05,Unknown,Third class
1222,25.0,Southampton (UK),7.8958,Unknown,Third class
1223,33.0,Cherbourg (FR),8.6625,Unknown,Third class
1224,23.0,Southampton (UK),7.55,Unknown,Third class
1225,21.0,Southampton (UK),8.05,Unknown,Third class
1226,60.5,Southampton (UK),12.4155,Unknown,Third class
1227,19.0,Southampton (UK),7.8958,Unknown,Third class
1228,22.0,Southampton (UK),9.8375,Unknown,Third class
1229,31.0,Southampton (UK),7.925,Unknown,Third class
1230,27.0,Southampton (UK),8.6625,Unknown,Third class
1231,2.0,Southampton (UK),10.4625,G,Third class
1232,29.0,Southampton (UK),10.4625,G,Third class
1233,16.0,Southampton (UK),8.05,Unknown,Third class
1234,44.0,Southampton (UK),7.925,Unknown,Third class
1235,25.0,Southampton (UK),7.05,Unknown,Third class
1236,74.0,Southampton (UK),7.775,Unknown,Third class
1237,14.0,Southampton (UK),9.225,Unknown,Third class
1238,24.0,Southampton (UK),7.7958,Unknown,Third class
1239,25.0,Southampton (UK),7.7958,Unknown,Third class
1240,34.0,Southampton (UK),8.05,Unknown,Third class
1241,0.4167,Cherbourg (FR),8.5167,Unknown,Third class
1242,25.0,Cherbourg (FR),6.4375,Unknown,Third class
1243,25.0,Cherbourg (FR),6.4375,Unknown,Third class
1244,25.0,Cherbourg (FR),7.225,Unknown,Third class
1245,16.0,Cherbourg (FR),8.5167,Unknown,Third class
1246,25.0,Southampton (UK),8.05,Unknown,Third class
1247,25.0,Southampton (UK),16.1,Unknown,Third class
1248,22.0,Southampton (UK),16.1,Unknown,Third class
1249,32.0,Southampton (UK),7.925,Unknown,Third class
1250,25.0,Queenstown (IE),7.75,F,Third class
1251,25.0,Southampton (UK),7.8958,Unknown,Third class
1252,30.5,Southampton (UK),8.05,Unknown,Third class
1253,44.0,Southampton (UK),8.05,Unknown,Third class
1254,25.0,Cherbourg (FR),7.2292,Unknown,Third class
1255,25.0,Southampton (UK),0.0,Unknown,Third class
1256,25.0,Cherbourg (FR),7.2292,Unknown,Third class
1257,7.0,Cherbourg (FR),15.2458,Unknown,Third class
1258,9.0,Cherbourg (FR),15.2458,Unknown,Third class
1259,29.0,Cherbourg (FR),15.2458,Unknown,Third class
1260,36.0,Southampton (UK),7.8958,Unknown,Third class
1261,18.0,Southampton (UK),9.8417,Unknown,Third class
1262,63.0,Southampton (UK),9.5875,Unknown,Third class
1263,25.0,Southampton (UK),14.5,Unknown,Third class
1264,11.5,Southampton (UK),14.5,Unknown,Third class
1265,40.5,Southampton (UK),14.5,Unknown,Third class
1266,10.0,Southampton (UK),24.15,Unknown,Third class
1267,36.0,Southampton (UK),24.15,Unknown,Third class
1268,30.0,Southampton (UK),24.15,Unknown,Third class
1269,25.0,Southampton (UK),9.5,Unknown,Third class
1270,33.0,Southampton (UK),9.5,Unknown,Third class
1271,28.0,Southampton (UK),9.5,Unknown,Third class
1272,28.0,Southampton (UK),9.5,Unknown,Third class
1273,47.0,Southampton (UK),9.0,Unknown,Third class
1274,18.0,Southampton (UK),18.0,Unknown,Third class
1275,31.0,Southampton (UK),18.0,Unknown,Third class
1276,16.0,Southampton (UK),18.0,Unknown,Third class
1277,31.0,Southampton (UK),18.0,Unknown,Third class
1278,22.0,Cherbourg (FR),7.225,Unknown,Third class
1279,20.0,Southampton (UK),7.8542,Unknown,Third class
1280,14.0,Southampton (UK),7.8542,Unknown,Third class
1281,22.0,Southampton (UK),7.8958,Unknown,Third class
1282,22.0,Southampton (UK),9.0,Unknown,Third class
1283,25.0,Southampton (UK),8.05,Unknown,Third class
1284,25.0,Southampton (UK),7.55,Unknown,Third class
1285,25.0,Southampton (UK),8.05,Unknown,Third class
1286,32.5,Southampton (UK),9.5,Unknown,Third class
1287,38.0,Cherbourg (FR),7.2292,Unknown,Third class
1288,51.0,Southampton (UK),7.75,Unknown,Third class
1289,18.0,Southampton (UK),6.4958,Unknown,Third class
1290,21.0,Southampton (UK),6.4958,Unknown,Third class
1291,47.0,Southampton (UK),7.0,Unknown,Third class
1292,25.0,Southampton (UK),8.7125,Unknown,Third class
1293,25.0,Southampton (UK),7.55,Unknown,Third class
1294,25.0,Southampton (UK),8.05,Unknown,Third class
1295,28.5,Southampton (UK),16.1,Unknown,Third class
1296,21.0,Southampton (UK),7.25,Unknown,Third class
1297,27.0,Southampton (UK),8.6625,Unknown,Third class
1298,25.0,Southampton (UK),7.25,Unknown,Third class
1299,36.0,Southampton (UK),9.5,Unknown,Third class
1300,27.0,Cherbourg (FR),14.4542,Unknown,Third class
1301,15.0,Cherbourg (FR),14.4542,Unknown,Third class
1302,45.5,Cherbourg (FR),7.225,Unknown,Third class
1303,25.0,Cherbourg (FR),7.225,Unknown,Third class
1304,25.0,Cherbourg (FR),14.4583,Unknown,Third class
1305,14.5,Cherbourg (FR),14.4542,Unknown,Third class
1306,22.0,Cherbourg (FR),14.4542,Unknown,Third class
1307,26.5,Cherbourg (FR),7.225,Unknown,Third class
1308,27.0,Cherbourg (FR),7.225,Unknown,Third class
1309,29.0,Southampton (UK),7.875,Unknown,Third class
